{
  "hash": "055cb612",
  "browserHash": "ca96677b",
  "optimized": {
    "@angular/cdk/drag-drop": {
      "src": "../../../../../node_modules/@angular/cdk/fesm2022/drag-drop.mjs",
      "file": "@angular_cdk_drag-drop.js",
      "fileHash": "902fbeb1",
      "needsInterop": false
    },
    "@angular/cdk/table": {
      "src": "../../../../../node_modules/@angular/cdk/fesm2022/table.mjs",
      "file": "@angular_cdk_table.js",
      "fileHash": "24fe726a",
      "needsInterop": false
    },
    "@angular/cdk/tree": {
      "src": "../../../../../node_modules/@angular/cdk/fesm2022/tree.mjs",
      "file": "@angular_cdk_tree.js",
      "fileHash": "05444da8",
      "needsInterop": false
    },
    "@angular/common": {
      "src": "../../../../../node_modules/@angular/common/fesm2022/common.mjs",
      "file": "@angular_common.js",
      "fileHash": "560356b8",
      "needsInterop": false
    },
    "@angular/common/http": {
      "src": "../../../../../node_modules/@angular/common/fesm2022/http.mjs",
      "file": "@angular_common_http.js",
      "fileHash": "688d9ae3",
      "needsInterop": false
    },
    "@angular/core": {
      "src": "../../../../../node_modules/@angular/core/fesm2022/core.mjs",
      "file": "@angular_core.js",
      "fileHash": "f9e4eb89",
      "needsInterop": false
    },
    "@angular/forms": {
      "src": "../../../../../node_modules/@angular/forms/fesm2022/forms.mjs",
      "file": "@angular_forms.js",
      "fileHash": "518717de",
      "needsInterop": false
    },
    "@angular/material/button": {
      "src": "../../../../../node_modules/@angular/material/fesm2022/button.mjs",
      "file": "@angular_material_button.js",
      "fileHash": "cff18126",
      "needsInterop": false
    },
    "@angular/material/card": {
      "src": "../../../../../node_modules/@angular/material/fesm2022/card.mjs",
      "file": "@angular_material_card.js",
      "fileHash": "f45b365f",
      "needsInterop": false
    },
    "@angular/material/core": {
      "src": "../../../../../node_modules/@angular/material/fesm2022/core.mjs",
      "file": "@angular_material_core.js",
      "fileHash": "b6a97033",
      "needsInterop": false
    },
    "@angular/material/form-field": {
      "src": "../../../../../node_modules/@angular/material/fesm2022/form-field.mjs",
      "file": "@angular_material_form-field.js",
      "fileHash": "479eee3f",
      "needsInterop": false
    },
    "@angular/material/icon": {
      "src": "../../../../../node_modules/@angular/material/fesm2022/icon.mjs",
      "file": "@angular_material_icon.js",
      "fileHash": "89eb6667",
      "needsInterop": false
    },
    "@angular/material/input": {
      "src": "../../../../../node_modules/@angular/material/fesm2022/input.mjs",
      "file": "@angular_material_input.js",
      "fileHash": "a9f71f11",
      "needsInterop": false
    },
    "@angular/material/menu": {
      "src": "../../../../../node_modules/@angular/material/fesm2022/menu.mjs",
      "file": "@angular_material_menu.js",
      "fileHash": "a0de944e",
      "needsInterop": false
    },
    "@angular/material/paginator": {
      "src": "../../../../../node_modules/@angular/material/fesm2022/paginator.mjs",
      "file": "@angular_material_paginator.js",
      "fileHash": "98f86935",
      "needsInterop": false
    },
    "@angular/material/progress-bar": {
      "src": "../../../../../node_modules/@angular/material/fesm2022/progress-bar.mjs",
      "file": "@angular_material_progress-bar.js",
      "fileHash": "49c134ec",
      "needsInterop": false
    },
    "@angular/material/progress-spinner": {
      "src": "../../../../../node_modules/@angular/material/fesm2022/progress-spinner.mjs",
      "file": "@angular_material_progress-spinner.js",
      "fileHash": "46227cfb",
      "needsInterop": false
    },
    "@angular/material/select": {
      "src": "../../../../../node_modules/@angular/material/fesm2022/select.mjs",
      "file": "@angular_material_select.js",
      "fileHash": "c96876db",
      "needsInterop": false
    },
    "@angular/material/snack-bar": {
      "src": "../../../../../node_modules/@angular/material/fesm2022/snack-bar.mjs",
      "file": "@angular_material_snack-bar.js",
      "fileHash": "644629ee",
      "needsInterop": false
    },
    "@angular/material/table": {
      "src": "../../../../../node_modules/@angular/material/fesm2022/table.mjs",
      "file": "@angular_material_table.js",
      "fileHash": "80362853",
      "needsInterop": false
    },
    "@angular/material/tabs": {
      "src": "../../../../../node_modules/@angular/material/fesm2022/tabs.mjs",
      "file": "@angular_material_tabs.js",
      "fileHash": "d1a86dd0",
      "needsInterop": false
    },
    "@angular/material/toolbar": {
      "src": "../../../../../node_modules/@angular/material/fesm2022/toolbar.mjs",
      "file": "@angular_material_toolbar.js",
      "fileHash": "dc1a7ce9",
      "needsInterop": false
    },
    "@angular/material/tree": {
      "src": "../../../../../node_modules/@angular/material/fesm2022/tree.mjs",
      "file": "@angular_material_tree.js",
      "fileHash": "9463f4d3",
      "needsInterop": false
    },
    "@angular/platform-browser": {
      "src": "../../../../../node_modules/@angular/platform-browser/fesm2022/platform-browser.mjs",
      "file": "@angular_platform-browser.js",
      "fileHash": "3427249e",
      "needsInterop": false
    },
    "@angular/platform-browser/animations": {
      "src": "../../../../../node_modules/@angular/platform-browser/fesm2022/animations.mjs",
      "file": "@angular_platform-browser_animations.js",
      "fileHash": "0d61f41c",
      "needsInterop": false
    },
    "@angular/router": {
      "src": "../../../../../node_modules/@angular/router/fesm2022/router.mjs",
      "file": "@angular_router.js",
      "fileHash": "e04f0878",
      "needsInterop": false
    },
    "ng-otp-input": {
      "src": "../../../../../node_modules/ng-otp-input/fesm2020/ng-otp-input.mjs",
      "file": "ng-otp-input.js",
      "fileHash": "552fe5e1",
      "needsInterop": false
    },
    "rxjs": {
      "src": "../../../../../node_modules/rxjs/dist/esm5/index.js",
      "file": "rxjs.js",
      "fileHash": "32274d3b",
      "needsInterop": false
    },
    "rxjs/operators": {
      "src": "../../../../../node_modules/rxjs/dist/esm5/operators/index.js",
      "file": "rxjs_operators.js",
      "fileHash": "6e3eb787",
      "needsInterop": false
    }
  },
  "chunks": {
    "chunk-VB3W3FPL": {
      "file": "chunk-VB3W3FPL.js"
    },
    "chunk-ZA42CHU6": {
      "file": "chunk-ZA42CHU6.js"
    },
    "chunk-HATOWAJO": {
      "file": "chunk-HATOWAJO.js"
    },
    "chunk-22GP33DT": {
      "file": "chunk-22GP33DT.js"
    },
    "chunk-YOPC5O6U": {
      "file": "chunk-YOPC5O6U.js"
    },
    "chunk-KTBLL73Z": {
      "file": "chunk-KTBLL73Z.js"
    },
    "chunk-GCRL3KXS": {
      "file": "chunk-GCRL3KXS.js"
    },
    "chunk-EV2RBITE": {
      "file": "chunk-EV2RBITE.js"
    },
    "chunk-TR6GTFUH": {
      "file": "chunk-TR6GTFUH.js"
    },
    "chunk-WMPF3I66": {
      "file": "chunk-WMPF3I66.js"
    },
    "chunk-ZYG4RXTD": {
      "file": "chunk-ZYG4RXTD.js"
    },
    "chunk-L5RN4ICM": {
      "file": "chunk-L5RN4ICM.js"
    },
    "chunk-GPMIKX4C": {
      "file": "chunk-GPMIKX4C.js"
    },
    "chunk-7RD4FNXU": {
      "file": "chunk-7RD4FNXU.js"
    },
    "chunk-G523G3BC": {
      "file": "chunk-G523G3BC.js"
    },
    "chunk-5EFZRXYA": {
      "file": "chunk-5EFZRXYA.js"
    },
    "chunk-X4DDE2I7": {
      "file": "chunk-X4DDE2I7.js"
    },
    "chunk-HXG43FAG": {
      "file": "chunk-HXG43FAG.js"
    },
    "chunk-H3X3WLUV": {
      "file": "chunk-H3X3WLUV.js"
    },
    "chunk-KUOPV5YS": {
      "file": "chunk-KUOPV5YS.js"
    },
    "chunk-2UXUBMH3": {
      "file": "chunk-2UXUBMH3.js"
    },
    "chunk-UB6C7KF6": {
      "file": "chunk-UB6C7KF6.js"
    }
  }
}